file_path,filename,label
c:\ML_Project\train\Fear\f92.jpeg,f92.jpeg,Fear
c:\ML_Project\train\Sad\s9.jpg,s9.jpg,Sad
c:\ML_Project\train\Happy\h64.jpg,h64.jpg,Happy
c:\ML_Project\train\Fear\new_f27.jpeg,new_f27.jpeg,Fear
c:\ML_Project\train\Angry\a120.jpeg,a120.jpeg,Angry
c:\ML_Project\train\Angry\a46.jpg,a46.jpg,Angry
c:\ML_Project\train\Fear\new_f32.jpeg,new_f32.jpeg,Fear
c:\ML_Project\train\Fear\f33.jpg,f33.jpg,Fear
c:\ML_Project\train\Happy\h91.jpeg,h91.jpeg,Happy
c:\ML_Project\train\Sad\s33.jpeg,s33.jpeg,Sad
c:\ML_Project\train\Sad\s98.jpeg,s98.jpeg,Sad
c:\ML_Project\train\Happy\h44.jpg,h44.jpg,Happy
c:\ML_Project\train\Happy\h81.jpeg,h81.jpeg,Happy
c:\ML_Project\train\Fear\f93.jpeg,f93.jpeg,Fear
c:\ML_Project\train\Sad\s106.jpeg,s106.jpeg,Sad
c:\ML_Project\train\Sad\new_s8.jpg,new_s8.jpg,Sad
c:\ML_Project\train\Angry\a115.jpeg,a115.jpeg,Angry
c:\ML_Project\train\Angry\a41.jpg,a41.jpg,Angry
c:\ML_Project\train\Angry\a22.jpg,a22.jpg,Angry
c:\ML_Project\train\Sad\s106.jpeg,s106.jpeg,Sad
c:\ML_Project\train\Angry\a2.jpg,a2.jpg,Angry
c:\ML_Project\train\Sad\new_images.jpeg,new_images.jpeg,Sad
c:\ML_Project\train\Happy\h13.jpg,h13.jpg,Happy
c:\ML_Project\train\Sad\s28.jpg,s28.jpg,Sad
c:\ML_Project\train\Angry\a74.jpg,a74.jpg,Angry
c:\ML_Project\train\Sad\s1.jpg,s1.jpg,Sad
c:\ML_Project\train\Happy\h3.jpg,h3.jpg,Happy
c:\ML_Project\train\Happy\h61.jpg,h61.jpg,Happy
c:\ML_Project\train\Angry\a82.jpg,a82.jpg,Angry
c:\ML_Project\train\Fear\f107.jpeg,f107.jpeg,Fear
c:\ML_Project\train\Sad\s86.jpeg,s86.jpeg,Sad
c:\ML_Project\train\Happy\h4.jpg,h4.jpg,Happy
c:\ML_Project\train\Sad\s96.jpeg,s96.jpeg,Sad
c:\ML_Project\train\Fear\f116.jpeg,f116.jpeg,Fear
c:\ML_Project\train\Angry\a77.jpg,a77.jpg,Angry
c:\ML_Project\train\Angry\a84.jpeg,a84.jpeg,Angry
c:\ML_Project\train\Fear\f90.jpeg,f90.jpeg,Fear
c:\ML_Project\train\Sad\s118.jpeg,s118.jpeg,Sad
c:\ML_Project\train\Fear\f49.jpg,f49.jpg,Fear
c:\ML_Project\train\Fear\new_f17.jpeg,new_f17.jpeg,Fear
c:\ML_Project\train\Sad\s23.jpg,s23.jpg,Sad
c:\ML_Project\train\Sad\s108.jpeg,s108.jpeg,Sad
c:\ML_Project\train\Sad\s52.jpg,s52.jpg,Sad
c:\ML_Project\train\Happy\h17.jpg,h17.jpg,Happy
c:\ML_Project\train\Angry\a72.jpg,a72.jpg,Angry
c:\ML_Project\train\Happy\h45.jpg,h45.jpg,Happy
c:\ML_Project\train\Angry\a27.jpg,a27.jpg,Angry
c:\ML_Project\train\Fear\f69.jpg,f69.jpg,Fear
c:\ML_Project\train\Fear\f51.jpg,f51.jpg,Fear
c:\ML_Project\train\Sad\s38.jpg,s38.jpg,Sad
c:\ML_Project\train\Happy\new_h14.jpg,new_h14.jpg,Happy
c:\ML_Project\train\Angry\a64.jpg,a64.jpg,Angry
c:\ML_Project\train\Angry\a60.jpg,a60.jpg,Angry
c:\ML_Project\train\Sad\s75.jpg,s75.jpg,Sad
c:\ML_Project\train\Happy\h93.jpeg,h93.jpeg,Happy
c:\ML_Project\train\Angry\a52.jpg,a52.jpg,Angry
c:\ML_Project\train\Happy\new_h35.jpg,new_h35.jpg,Happy
c:\ML_Project\train\Sad\s6.jpg,s6.jpg,Sad
c:\ML_Project\train\Happy\new_h13.jpg,new_h13.jpg,Happy
c:\ML_Project\train\Fear\f79.jpg,f79.jpg,Fear
c:\ML_Project\train\Sad\s60.jpeg,s60.jpeg,Sad
c:\ML_Project\train\Happy\h23.jpg,h23.jpg,Happy
c:\ML_Project\train\Happy\new_h30.jpg,new_h30.jpg,Happy
c:\ML_Project\train\Sad\s93.jpeg,s93.jpeg,Sad
c:\ML_Project\train\Angry\a64.jpeg,a64.jpeg,Angry
c:\ML_Project\train\Angry\a12.jpg,a12.jpg,Angry
c:\ML_Project\train\Fear\f53.jpg,f53.jpg,Fear
c:\ML_Project\train\Sad\new_s25.jpg,new_s25.jpg,Sad
c:\ML_Project\train\Sad\s101.jpeg,s101.jpeg,Sad
c:\ML_Project\train\Happy\h5.jpg,h5.jpg,Happy
c:\ML_Project\train\Fear\f50.jpg,f50.jpg,Fear
c:\ML_Project\train\Happy\h48.jpg,h48.jpg,Happy
c:\ML_Project\train\Fear\f75.jpeg,f75.jpeg,Fear
c:\ML_Project\train\Angry\a101.jpeg,a101.jpeg,Angry
c:\ML_Project\train\Happy\h32.jpg,h32.jpg,Happy
c:\ML_Project\train\Angry\a15.jpg,a15.jpg,Angry
c:\ML_Project\train\Happy\new_h25.jpg,new_h25.jpg,Happy
c:\ML_Project\train\Happy\new_images (4).jpg,new_images (4).jpg,Happy
c:\ML_Project\train\Sad\new_s37.jpeg,new_s37.jpeg,Sad
c:\ML_Project\train\Sad\s99.jpeg,s99.jpeg,Sad
c:\ML_Project\train\Happy\new_h43.jpg,new_h43.jpg,Happy
c:\ML_Project\train\Sad\s87.jpeg,s87.jpeg,Sad
c:\ML_Project\train\Fear\f78.jpeg,f78.jpeg,Fear
c:\ML_Project\train\Angry\a50.jpeg,a50.jpeg,Angry
c:\ML_Project\train\Angry\a104.jpeg,a104.jpeg,Angry
c:\ML_Project\train\Angry\a75.jpg,a75.jpg,Angry
c:\ML_Project\train\Angry\new_a27.jpg,new_a27.jpg,Angry
c:\ML_Project\train\Fear\f6.jpg,f6.jpg,Fear
c:\ML_Project\train\Angry\a32.jpg,a32.jpg,Angry
c:\ML_Project\train\Fear\f87.jpeg,f87.jpeg,Fear
c:\ML_Project\train\Fear\f66.jpg,f66.jpg,Fear
c:\ML_Project\train\Fear\f61.jpeg,f61.jpeg,Fear
c:\ML_Project\train\Angry\a89.png,a89.png,Angry
c:\ML_Project\train\Happy\h38.jpg,h38.jpg,Happy
c:\ML_Project\train\Fear\f32.jpg,f32.jpg,Fear
c:\ML_Project\train\Sad\s27.jpg,s27.jpg,Sad
c:\ML_Project\train\Happy\h78.jpeg,h78.jpeg,Happy
c:\ML_Project\train\Fear\f115.jpeg,f115.jpeg,Fear
c:\ML_Project\train\Sad\s109.jpeg,s109.jpeg,Sad
c:\ML_Project\train\Angry\a43.jpg,a43.jpg,Angry
c:\ML_Project\train\Fear\f110.jpeg,f110.jpeg,Fear
c:\ML_Project\train\Happy\new_h12.jpg,new_h12.jpg,Happy
c:\ML_Project\train\Happy\h71.jpg,h71.jpg,Happy
c:\ML_Project\train\Fear\f5.jpg,f5.jpg,Fear
c:\ML_Project\train\Happy\h18.jpg,h18.jpg,Happy
c:\ML_Project\train\Fear\f112.jpeg,f112.jpeg,Fear
c:\ML_Project\train\Sad\s35.jpg,s35.jpg,Sad
c:\ML_Project\train\Happy\h29.jpg,h29.jpg,Happy
c:\ML_Project\train\Angry\new_a26.jpg,new_a26.jpg,Angry
c:\ML_Project\train\Angry\a81.jpg,a81.jpg,Angry
c:\ML_Project\train\Sad\s103.webp,s103.webp,Sad
c:\ML_Project\train\Angry\a33.jpg,a33.jpg,Angry
c:\ML_Project\train\Happy\h52.jpg,h52.jpg,Happy
c:\ML_Project\train\Fear\f38.jpg,f38.jpg,Fear
c:\ML_Project\train\Fear\f48.jpg,f48.jpg,Fear
c:\ML_Project\train\Fear\f22.jpg,f22.jpg,Fear
c:\ML_Project\train\Sad\s95.jpeg,s95.jpeg,Sad
c:\ML_Project\train\Fear\f52.jpg,f52.jpg,Fear
c:\ML_Project\train\Sad\s75.jpeg,s75.jpeg,Sad
c:\ML_Project\train\Angry\a80.jpg,a80.jpg,Angry
c:\ML_Project\train\Happy\h46.jpg,h46.jpg,Happy
c:\ML_Project\train\Angry\a57.jpeg,a57.jpeg,Angry
c:\ML_Project\train\Fear\f80.webp,f80.webp,Fear
c:\ML_Project\train\Happy\h12.jpg,h12.jpg,Happy
c:\ML_Project\train\Sad\s24.jpg,s24.jpg,Sad
c:\ML_Project\train\Sad\s95.jpeg,s95.jpeg,Sad
c:\ML_Project\train\Sad\new_s39.jpeg,new_s39.jpeg,Sad
c:\ML_Project\train\Sad\new_s45.jpeg,new_s45.jpeg,Sad
c:\ML_Project\train\Happy\h97.jpeg,h97.jpeg,Happy
c:\ML_Project\train\Angry\new_a34.jpeg,new_a34.jpeg,Angry
c:\ML_Project\train\Happy\h3.jpg,h3.jpg,Happy
c:\ML_Project\train\Angry\a54.jpeg,a54.jpeg,Angry
c:\ML_Project\train\Fear\new_f20.jpeg,new_f20.jpeg,Fear
c:\ML_Project\train\Sad\s102.jpeg,s102.jpeg,Sad
c:\ML_Project\train\Fear\new_f12.jpeg,new_f12.jpeg,Fear
c:\ML_Project\train\Sad\s54.jpg,s54.jpg,Sad
c:\ML_Project\train\Happy\h37.jpg,h37.jpg,Happy
c:\ML_Project\train\Angry\a65.jpeg,a65.jpeg,Angry
c:\ML_Project\train\Sad\s44.jpg,s44.jpg,Sad
c:\ML_Project\train\Happy\h18.jpg,h18.jpg,Happy
c:\ML_Project\train\Sad\new_s30.jpg,new_s30.jpg,Sad
c:\ML_Project\train\Sad\s113.jpeg,s113.jpeg,Sad
c:\ML_Project\train\Sad\s58.jpg,s58.jpg,Sad
c:\ML_Project\train\Sad\s78.jpeg,s78.jpeg,Sad
c:\ML_Project\train\Fear\new_f24.jpeg,new_f24.jpeg,Fear
c:\ML_Project\train\Sad\s63.jpeg,s63.jpeg,Sad
c:\ML_Project\train\Angry\a37.jpg,a37.jpg,Angry
c:\ML_Project\train\Fear\new_f58.jpeg,new_f58.jpeg,Fear
c:\ML_Project\train\Fear\f97.jpeg,f97.jpeg,Fear
c:\ML_Project\train\Sad\s85.jpeg,s85.jpeg,Sad
c:\ML_Project\train\Angry\a48.jpg,a48.jpg,Angry
c:\ML_Project\train\Sad\s72.jpeg,s72.jpeg,Sad
c:\ML_Project\train\Fear\new_f37.jpeg,new_f37.jpeg,Fear
c:\ML_Project\train\Happy\h65.jpg,h65.jpg,Happy
c:\ML_Project\train\Fear\f63.jpg,f63.jpg,Fear
c:\ML_Project\train\Happy\h60.jpg,h60.jpg,Happy
c:\ML_Project\train\Happy\h92.jpeg,h92.jpeg,Happy
c:\ML_Project\train\Happy\h8.jpg,h8.jpg,Happy
c:\ML_Project\train\Happy\h77.jpeg,h77.jpeg,Happy
c:\ML_Project\train\Happy\h24.jpg,h24.jpg,Happy
c:\ML_Project\train\Fear\f10.jpg,f10.jpg,Fear
c:\ML_Project\train\Happy\new_h44.jpg,new_h44.jpg,Happy
c:\ML_Project\train\Angry\new_a25.jpg,new_a25.jpg,Angry
c:\ML_Project\train\Fear\f19.jpg,f19.jpg,Fear
c:\ML_Project\train\Sad\s92.jpeg,s92.jpeg,Sad
c:\ML_Project\train\Fear\new_f34.jpeg,new_f34.jpeg,Fear
c:\ML_Project\train\Happy\new_h37.jpg,new_h37.jpg,Happy
c:\ML_Project\train\Angry\a89.jpeg,a89.jpeg,Angry
c:\ML_Project\train\Sad\new_s38.jpeg,new_s38.jpeg,Sad
c:\ML_Project\train\Sad\s15.jpg,s15.jpg,Sad
c:\ML_Project\train\Sad\s22.jpg,s22.jpg,Sad
c:\ML_Project\train\Angry\new_a45.jpg,new_a45.jpg,Angry
c:\ML_Project\train\Happy\h54.jpg,h54.jpg,Happy
c:\ML_Project\train\Happy\h27.jpg,h27.jpg,Happy
c:\ML_Project\train\Happy\new_h40.jpg,new_h40.jpg,Happy
c:\ML_Project\train\Angry\new_a9.jpeg,new_a9.jpeg,Angry
c:\ML_Project\train\Angry\a78.jpeg,a78.jpeg,Angry
c:\ML_Project\train\Angry\a23.jpg,a23.jpg,Angry
c:\ML_Project\train\Sad\new_s9.jpg,new_s9.jpg,Sad
c:\ML_Project\train\Angry\a103.jpeg,a103.jpeg,Angry
c:\ML_Project\train\Happy\h22.jpg,h22.jpg,Happy
c:\ML_Project\train\Angry\a76.jpeg,a76.jpeg,Angry
c:\ML_Project\train\Sad\s26.jpg,s26.jpg,Sad
c:\ML_Project\train\Angry\a39.jpg,a39.jpg,Angry
c:\ML_Project\train\Angry\a96.jpeg,a96.jpeg,Angry
c:\ML_Project\train\Angry\a53.png,a53.png,Angry
c:\ML_Project\train\Fear\f24.jpg,f24.jpg,Fear
c:\ML_Project\train\Happy\new_h38.jpg,new_h38.jpg,Happy
c:\ML_Project\train\Happy\h58.jpg,h58.jpg,Happy
c:\ML_Project\train\Happy\h8.jpg,h8.jpg,Happy
c:\ML_Project\train\Fear\f13.jpg,f13.jpg,Fear
c:\ML_Project\train\Happy\h82.jpeg,h82.jpeg,Happy
c:\ML_Project\train\Happy\new_h28.jpg,new_h28.jpg,Happy
c:\ML_Project\train\Angry\a25.jpg,a25.jpg,Angry
c:\ML_Project\train\Sad\s8.jpg,s8.jpg,Sad
c:\ML_Project\train\Fear\f29.jpg,f29.jpg,Fear
c:\ML_Project\train\Angry\a5.jpg,a5.jpg,Angry
c:\ML_Project\train\Angry\a69.jpeg,a69.jpeg,Angry
c:\ML_Project\train\Happy\new_h32.jpg,new_h32.jpg,Happy
c:\ML_Project\train\Sad\s3.jpg,s3.jpg,Sad
c:\ML_Project\train\Happy\h96.jpeg,h96.jpeg,Happy
c:\ML_Project\train\Sad\s11.jpg,s11.jpg,Sad
c:\ML_Project\train\Sad\s25.jpg,s25.jpg,Sad
c:\ML_Project\train\Angry\a28.jpg,a28.jpg,Angry
c:\ML_Project\train\Sad\new_s16.jpg,new_s16.jpg,Sad
c:\ML_Project\train\Happy\h52.jpg,h52.jpg,Happy
c:\ML_Project\train\Sad\new_s1.jpg,new_s1.jpg,Sad
c:\ML_Project\train\Fear\f83.jpg,f83.jpg,Fear
c:\ML_Project\train\Happy\h30.jpg,h30.jpg,Happy
c:\ML_Project\train\Sad\new_s26.jpg,new_s26.jpg,Sad
c:\ML_Project\train\Fear\f73.jpg,f73.jpg,Fear
c:\ML_Project\train\Angry\a28.jpg,a28.jpg,Angry
c:\ML_Project\train\Angry\a17.jpg,a17.jpg,Angry
c:\ML_Project\train\Fear\f21.jpg,f21.jpg,Fear
c:\ML_Project\train\Fear\f54.jpg,f54.jpg,Fear
c:\ML_Project\train\Sad\new_s5.jpg,new_s5.jpg,Sad
c:\ML_Project\train\Sad\s22.jpg,s22.jpg,Sad
c:\ML_Project\train\Happy\h69.jpg,h69.jpg,Happy
c:\ML_Project\train\Sad\s47.jpeg,s47.jpeg,Sad
c:\ML_Project\train\Angry\new_a49.jpeg,new_a49.jpeg,Angry
c:\ML_Project\train\Angry\a108.jpeg,a108.jpeg,Angry
c:\ML_Project\train\Angry\new_a24.jpg,new_a24.jpg,Angry
c:\ML_Project\train\Fear\f18.jpg,f18.jpg,Fear
c:\ML_Project\train\Sad\s40.jpeg,s40.jpeg,Sad
c:\ML_Project\train\Fear\f95.jpeg,f95.jpeg,Fear
c:\ML_Project\train\Sad\s54.jpeg,s54.jpeg,Sad
c:\ML_Project\train\Angry\a90.jpeg,a90.jpeg,Angry
c:\ML_Project\train\Happy\h62.jpg,h62.jpg,Happy
c:\ML_Project\train\Happy\h97.jpeg,h97.jpeg,Happy
c:\ML_Project\train\Fear\new_f54.jpg,new_f54.jpg,Fear
c:\ML_Project\train\Angry\a4.jpg,a4.jpg,Angry
c:\ML_Project\train\Fear\new_f15.jpeg,new_f15.jpeg,Fear
c:\ML_Project\train\Fear\f43.jpg,f43.jpg,Fear
c:\ML_Project\train\Happy\h66.jpg,h66.jpg,Happy
c:\ML_Project\train\Angry\a1.jpg,a1.jpg,Angry
c:\ML_Project\train\Fear\f96.jpeg,f96.jpeg,Fear
c:\ML_Project\train\Fear\f79.jpeg,f79.jpeg,Fear
c:\ML_Project\train\Fear\f75.jpg,f75.jpg,Fear
c:\ML_Project\train\Fear\new_f16.png,new_f16.png,Fear
c:\ML_Project\train\Happy\h58.jpg,h58.jpg,Happy
c:\ML_Project\train\Happy\h47.jpg,h47.jpg,Happy
c:\ML_Project\train\Happy\h68.jpg,h68.jpg,Happy
c:\ML_Project\train\Happy\new_h9.jpg,new_h9.jpg,Happy
c:\ML_Project\train\Fear\f72.jpg,f72.jpg,Fear
c:\ML_Project\train\Angry\new_a43.jpeg,new_a43.jpeg,Angry
c:\ML_Project\train\Happy\h95.jpeg,h95.jpeg,Happy
c:\ML_Project\train\Angry\a29.jpg,a29.jpg,Angry
c:\ML_Project\train\Sad\new_images (14).jpeg,new_images (14).jpeg,Sad
c:\ML_Project\train\Happy\h26.jpg,h26.jpg,Happy
c:\ML_Project\train\Fear\f8.jpg,f8.jpg,Fear
c:\ML_Project\train\Sad\s39.jpeg,s39.jpeg,Sad
c:\ML_Project\train\Happy\h89.jpeg,h89.jpeg,Happy
c:\ML_Project\train\Happy\new_h27.jpg,new_h27.jpg,Happy
c:\ML_Project\train\Happy\new_h33.jpg,new_h33.jpg,Happy
c:\ML_Project\train\Angry\a16.jpg,a16.jpg,Angry
c:\ML_Project\train\Angry\a54.jpg,a54.jpg,Angry
c:\ML_Project\train\Sad\s64.jpeg,s64.jpeg,Sad
c:\ML_Project\train\Sad\new_s54.jpg,new_s54.jpg,Sad
c:\ML_Project\train\Sad\s15.jpg,s15.jpg,Sad
c:\ML_Project\train\Angry\a9.jpg,a9.jpg,Angry
c:\ML_Project\train\Fear\f34.jpg,f34.jpg,Fear
c:\ML_Project\train\Fear\f48.jpg,f48.jpg,Fear
c:\ML_Project\train\Sad\s65.jpg,s65.jpg,Sad
c:\ML_Project\train\Fear\f64.jpeg,f64.jpeg,Fear
c:\ML_Project\train\Angry\a21.jpg,a21.jpg,Angry
c:\ML_Project\train\Sad\s99.jpeg,s99.jpeg,Sad
c:\ML_Project\train\Happy\new_images (23).jpg,new_images (23).jpg,Happy
c:\ML_Project\train\Sad\s11.jpg,s11.jpg,Sad
c:\ML_Project\train\Angry\new_a50.jpeg,new_a50.jpeg,Angry
c:\ML_Project\train\Fear\f62.jpeg,f62.jpeg,Fear
c:\ML_Project\train\Fear\new_f41.jpeg,new_f41.jpeg,Fear
c:\ML_Project\train\Happy\h28.jpg,h28.jpg,Happy
c:\ML_Project\train\Fear\f52.jpg,f52.jpg,Fear
c:\ML_Project\train\Sad\s29.jpg,s29.jpg,Sad
c:\ML_Project\train\Angry\a53.jpg,a53.jpg,Angry
c:\ML_Project\train\Fear\f30.jpg,f30.jpg,Fear
c:\ML_Project\train\Fear\f27.webp,f27.webp,Fear
c:\ML_Project\train\Happy\h29.jpg,h29.jpg,Happy
c:\ML_Project\train\Happy\h32.jpg,h32.jpg,Happy
c:\ML_Project\train\Happy\h73.jpg,h73.jpg,Happy
c:\ML_Project\train\Sad\s6.jpg,s6.jpg,Sad
c:\ML_Project\train\Happy\h85.jpeg,h85.jpeg,Happy
c:\ML_Project\train\Happy\h54.jpg,h54.jpg,Happy
c:\ML_Project\train\Sad\new_s53.jpg,new_s53.jpg,Sad
c:\ML_Project\train\Angry\a61.jpg,a61.jpg,Angry
c:\ML_Project\train\Fear\f6.jpg,f6.jpg,Fear
c:\ML_Project\train\Fear\f7.jpg,f7.jpg,Fear
c:\ML_Project\train\Happy\h44.jpg,h44.jpg,Happy
c:\ML_Project\train\Fear\f23.jpg,f23.jpg,Fear
c:\ML_Project\train\Sad\s10.jpg,s10.jpg,Sad
c:\ML_Project\train\Sad\s88.jpeg,s88.jpeg,Sad
c:\ML_Project\train\Fear\f13.jpeg,f13.jpeg,Fear
c:\ML_Project\train\Angry\a107.jpeg,a107.jpeg,Angry
c:\ML_Project\train\Angry\new_a3.png,new_a3.png,Angry
c:\ML_Project\train\Angry\a34.jpg,a34.jpg,Angry
c:\ML_Project\train\Sad\s12.jpg,s12.jpg,Sad
c:\ML_Project\train\Angry\new_a31.jpeg,new_a31.jpeg,Angry
c:\ML_Project\train\Happy\h78.jpeg,h78.jpeg,Happy
c:\ML_Project\train\Happy\h93.jpeg,h93.jpeg,Happy
c:\ML_Project\train\Fear\f81.jpeg,f81.jpeg,Fear
c:\ML_Project\train\Fear\new_f35.jpg,new_f35.jpg,Fear
c:\ML_Project\train\Angry\new_a48.jpeg,new_a48.jpeg,Angry
c:\ML_Project\train\Angry\a35.jpg,a35.jpg,Angry
c:\ML_Project\train\Sad\s1.jpg,s1.jpg,Sad
c:\ML_Project\train\Sad\s44.jpeg,s44.jpeg,Sad
c:\ML_Project\train\Fear\f101.jpeg,f101.jpeg,Fear
c:\ML_Project\train\Fear\f26.jpg,f26.jpg,Fear
c:\ML_Project\train\Fear\f98.jpeg,f98.jpeg,Fear
c:\ML_Project\train\Sad\s56.jpeg,s56.jpeg,Sad
c:\ML_Project\train\Fear\f120.jpeg,f120.jpeg,Fear
c:\ML_Project\train\Angry\a95.webp,a95.webp,Angry
c:\ML_Project\train\Happy\h59.jpg,h59.jpg,Happy
c:\ML_Project\train\Happy\new_h10.jpg,new_h10.jpg,Happy
c:\ML_Project\train\Fear\f20.jpg,f20.jpg,Fear
c:\ML_Project\train\Angry\new_a47.jpeg,new_a47.jpeg,Angry
c:\ML_Project\train\Fear\f70.jpg,f70.jpg,Fear
c:\ML_Project\train\Fear\f68.jpg,f68.jpg,Fear
c:\ML_Project\train\Angry\a44.jpg,a44.jpg,Angry
c:\ML_Project\train\Sad\s20.jpg,s20.jpg,Sad
c:\ML_Project\train\Sad\s86.jpeg,s86.jpeg,Sad
c:\ML_Project\train\Sad\s62.jpeg,s62.jpeg,Sad
c:\ML_Project\train\Angry\a24.jpg,a24.jpg,Angry
c:\ML_Project\train\Happy\h81.jpeg,h81.jpeg,Happy
c:\ML_Project\train\Fear\f109.jpg,f109.jpg,Fear
c:\ML_Project\train\Fear\f28.jpg,f28.jpg,Fear
c:\ML_Project\train\Angry\a92.jpeg,a92.jpeg,Angry
c:\ML_Project\train\Fear\f102.jpeg,f102.jpeg,Fear
c:\ML_Project\train\Angry\a38.jpg,a38.jpg,Angry
c:\ML_Project\train\Fear\f37.jpg,f37.jpg,Fear
c:\ML_Project\train\Happy\h39.jpg,h39.jpg,Happy
c:\ML_Project\train\Happy\h42.jpg,h42.jpg,Happy
c:\ML_Project\train\Fear\f28.jpg,f28.jpg,Fear
c:\ML_Project\train\Happy\new_h16.jpg,new_h16.jpg,Happy
c:\ML_Project\train\Fear\f32.jpg,f32.jpg,Fear
c:\ML_Project\train\Angry\a49.jpg,a49.jpg,Angry
c:\ML_Project\train\Angry\a59.jpg,a59.jpg,Angry
c:\ML_Project\train\Fear\f91.jpeg,f91.jpeg,Fear
c:\ML_Project\train\Happy\h80.jpeg,h80.jpeg,Happy
c:\ML_Project\train\Happy\h19.jpg,h19.jpg,Happy
c:\ML_Project\train\Angry\a40.jpg,a40.jpg,Angry
c:\ML_Project\train\Angry\a63.jpeg,a63.jpeg,Angry
c:\ML_Project\train\Fear\f67.jpg,f67.jpg,Fear
c:\ML_Project\train\Sad\s2.jpg,s2.jpg,Sad
c:\ML_Project\train\Happy\h74.jpg,h74.jpg,Happy
c:\ML_Project\train\Happy\new_images (29).jpg,new_images (29).jpg,Happy
c:\ML_Project\train\Sad\s100.jpeg,s100.jpeg,Sad
c:\ML_Project\train\Sad\s43.jpeg,s43.jpeg,Sad
c:\ML_Project\train\Angry\a93.jpeg,a93.jpeg,Angry
c:\ML_Project\train\Fear\f86.jpeg,f86.jpeg,Fear
c:\ML_Project\train\Fear\f84.jpg,f84.jpg,Fear
c:\ML_Project\train\Fear\f49.jpg,f49.jpg,Fear
c:\ML_Project\train\Sad\s97.jpeg,s97.jpeg,Sad
c:\ML_Project\train\Sad\s67.jpeg,s67.jpeg,Sad
c:\ML_Project\train\Sad\s96.jpeg,s96.jpeg,Sad
c:\ML_Project\train\Happy\h31.jpg,h31.jpg,Happy
c:\ML_Project\train\Angry\a109.jpeg,a109.jpeg,Angry
c:\ML_Project\train\Angry\a67.jpg,a67.jpg,Angry
c:\ML_Project\train\Sad\s89.jpeg,s89.jpeg,Sad
c:\ML_Project\train\Fear\f35.jpg,f35.jpg,Fear
c:\ML_Project\train\Angry\new_a4.jpg,new_a4.jpg,Angry
c:\ML_Project\train\Fear\new_f22.jpeg,new_f22.jpeg,Fear
c:\ML_Project\train\Angry\a60.jpeg,a60.jpeg,Angry
c:\ML_Project\train\Happy\h72.jpg,h72.jpg,Happy
c:\ML_Project\train\Happy\h70.jpg,h70.jpg,Happy
c:\ML_Project\train\Angry\new_a23.jpeg,new_a23.jpeg,Angry
c:\ML_Project\train\Fear\new_f49.jpeg,new_f49.jpeg,Fear
c:\ML_Project\train\Fear\f12.jpg,f12.jpg,Fear
c:\ML_Project\train\Happy\h36.jpg,h36.jpg,Happy
c:\ML_Project\train\Fear\f25.webp,f25.webp,Fear
c:\ML_Project\train\Angry\a87.jpeg,a87.jpeg,Angry
c:\ML_Project\train\Happy\h12.jpg,h12.jpg,Happy
c:\ML_Project\train\Fear\f99.jpeg,f99.jpeg,Fear
c:\ML_Project\train\Sad\s111.jpeg,s111.jpeg,Sad
c:\ML_Project\train\Fear\new_f42.jpeg,new_f42.jpeg,Fear
c:\ML_Project\train\Happy\new_h23.jpg,new_h23.jpg,Happy
c:\ML_Project\train\Happy\h71.jpg,h71.jpg,Happy
c:\ML_Project\train\Sad\s68.jpeg,s68.jpeg,Sad
c:\ML_Project\train\Sad\s100.jpeg,s100.jpeg,Sad
c:\ML_Project\train\Happy\new_h2.jpg,new_h2.jpg,Happy
c:\ML_Project\train\Fear\f42.jpg,f42.jpg,Fear
c:\ML_Project\train\Fear\new_f28.jpeg,new_f28.jpeg,Fear
c:\ML_Project\train\Angry\a20.jpg,a20.jpg,Angry
c:\ML_Project\train\Sad\new_s33.jpg,new_s33.jpg,Sad
c:\ML_Project\train\Angry\a26.jpg,a26.jpg,Angry
c:\ML_Project\train\Sad\s19.jpg,s19.jpg,Sad
c:\ML_Project\train\Happy\h63.jpg,h63.jpg,Happy
c:\ML_Project\train\Sad\s67.jpg,s67.jpg,Sad
c:\ML_Project\train\Fear\f23.jpg,f23.jpg,Fear
c:\ML_Project\train\Fear\f4.jpg,f4.jpg,Fear
c:\ML_Project\train\Fear\f29.jpg,f29.jpg,Fear
c:\ML_Project\train\Sad\s43.jpg,s43.jpg,Sad
c:\ML_Project\train\Happy\new_images (20).jpg,new_images (20).jpg,Happy
c:\ML_Project\train\Fear\f55.jpg,f55.jpg,Fear
c:\ML_Project\train\Fear\new_f55.jpg,new_f55.jpg,Fear
c:\ML_Project\train\Fear\f59.jpeg,f59.jpeg,Fear
c:\ML_Project\train\Angry\new_a1.jpeg,new_a1.jpeg,Angry
c:\ML_Project\train\Angry\a91.jpeg,a91.jpeg,Angry
c:\ML_Project\train\Angry\a30.jpg,a30.jpg,Angry
c:\ML_Project\train\Sad\s119.jpeg,s119.jpeg,Sad
c:\ML_Project\train\Happy\h88.jpeg,h88.jpeg,Happy
c:\ML_Project\train\Sad\s84.jpeg,s84.jpeg,Sad
c:\ML_Project\train\Angry\a51.jpeg,a51.jpeg,Angry
c:\ML_Project\train\Angry\a94.jpeg,a94.jpeg,Angry
c:\ML_Project\train\Fear\f55.jpg,f55.jpg,Fear
c:\ML_Project\train\Fear\f22.jpg,f22.jpg,Fear
c:\ML_Project\train\Happy\h89.jpeg,h89.jpeg,Happy
c:\ML_Project\train\Sad\s37.jpg,s37.jpg,Sad
c:\ML_Project\train\Angry\a98.jpeg,a98.jpeg,Angry
c:\ML_Project\train\Happy\h76.jpeg,h76.jpeg,Happy
c:\ML_Project\train\Sad\s50.jpg,s50.jpg,Sad
c:\ML_Project\train\Fear\f65.jpg,f65.jpg,Fear
c:\ML_Project\train\Happy\h49.jpg,h49.jpg,Happy
c:\ML_Project\train\Fear\new_f21.jpeg,new_f21.jpeg,Fear
c:\ML_Project\train\Angry\a25.jpg,a25.jpg,Angry
c:\ML_Project\train\Happy\h7.jpg,h7.jpg,Happy
c:\ML_Project\train\Happy\h79.jpeg,h79.jpeg,Happy
c:\ML_Project\train\Angry\a68.jpeg,a68.jpeg,Angry
c:\ML_Project\train\Fear\new_f29.jpeg,new_f29.jpeg,Fear
c:\ML_Project\train\Angry\new_a28.jpg,new_a28.jpg,Angry
c:\ML_Project\train\Fear\f3.jpg,f3.jpg,Fear
c:\ML_Project\train\Sad\new_s18.jpeg,new_s18.jpeg,Sad
c:\ML_Project\train\Fear\f100.jpeg,f100.jpeg,Fear
c:\ML_Project\train\Fear\f44.jpg,f44.jpg,Fear
c:\ML_Project\train\Angry\a57.jpg,a57.jpg,Angry
c:\ML_Project\train\Fear\f60.jpg,f60.jpg,Fear
c:\ML_Project\train\Happy\h33.jpg,h33.jpg,Happy
c:\ML_Project\train\Sad\s83.jpeg,s83.jpeg,Sad
c:\ML_Project\train\Sad\s69.jpeg,s69.jpeg,Sad
c:\ML_Project\train\Fear\new_f25.jpeg,new_f25.jpeg,Fear
c:\ML_Project\train\Happy\h67.jpg,h67.jpg,Happy
c:\ML_Project\train\Angry\a102.jpeg,a102.jpeg,Angry
c:\ML_Project\train\Happy\h73.jpg,h73.jpg,Happy
c:\ML_Project\train\Happy\h22.jpg,h22.jpg,Happy
c:\ML_Project\train\Angry\a62.jpg,a62.jpg,Angry
c:\ML_Project\train\Happy\h20.jpg,h20.jpg,Happy
c:\ML_Project\train\Fear\f106.jpeg,f106.jpeg,Fear
c:\ML_Project\train\Sad\s57.jpeg,s57.jpeg,Sad
c:\ML_Project\train\Fear\new_f56.jpg,new_f56.jpg,Fear
c:\ML_Project\train\Fear\f47.jpg,f47.jpg,Fear
c:\ML_Project\train\Happy\new_h36.jpg,new_h36.jpg,Happy
c:\ML_Project\train\Happy\new_images (52).jpg,new_images (52).jpg,Happy
c:\ML_Project\train\Sad\s47.jpg,s47.jpg,Sad
c:\ML_Project\train\Angry\a45.jpg,a45.jpg,Angry
c:\ML_Project\train\Angry\a6.jpg,a6.jpg,Angry
c:\ML_Project\train\Angry\new_a44.jpeg,new_a44.jpeg,Angry
c:\ML_Project\train\Sad\s77.jpeg,s77.jpeg,Sad
c:\ML_Project\train\Sad\s73.jpg,s73.jpg,Sad
c:\ML_Project\train\Happy\new_h31.jpg,new_h31.jpg,Happy
c:\ML_Project\train\Sad\s35.jpeg,s35.jpeg,Sad
c:\ML_Project\train\Sad\s85.jpeg,s85.jpeg,Sad
c:\ML_Project\train\Angry\a30.jpg,a30.jpg,Angry
c:\ML_Project\train\Fear\f84.jpeg,f84.jpeg,Fear
c:\ML_Project\train\Happy\h53.jpg,h53.jpg,Happy
c:\ML_Project\train\Fear\f20.jpg,f20.jpg,Fear
c:\ML_Project\train\Fear\f31.jpg,f31.jpg,Fear
c:\ML_Project\train\Fear\f37.jpg,f37.jpg,Fear
c:\ML_Project\train\Sad\s13.jpg,s13.jpg,Sad
c:\ML_Project\train\Sad\s17.jpg,s17.jpg,Sad
c:\ML_Project\train\Sad\s42.jpeg,s42.jpeg,Sad
c:\ML_Project\train\Angry\a91.jpeg,a91.jpeg,Angry
c:\ML_Project\train\Sad\s59.jpg,s59.jpg,Sad
c:\ML_Project\train\Fear\new_f8.jpg,new_f8.jpg,Fear
c:\ML_Project\train\Fear\new_f23.jpeg,new_f23.jpeg,Fear
c:\ML_Project\train\Fear\f56.webp,f56.webp,Fear
c:\ML_Project\train\Sad\new_s13.jpg,new_s13.jpg,Sad
c:\ML_Project\train\Sad\s3.jpg,s3.jpg,Sad
c:\ML_Project\train\Happy\h94.jpeg,h94.jpeg,Happy
c:\ML_Project\train\Happy\new_h52.jpg,new_h52.jpg,Happy
c:\ML_Project\train\Angry\a82.jpeg,a82.jpeg,Angry
c:\ML_Project\train\Sad\s73.jpeg,s73.jpeg,Sad
c:\ML_Project\train\Fear\f63.jpeg,f63.jpeg,Fear
c:\ML_Project\train\Angry\new_a39.jpeg,new_a39.jpeg,Angry
c:\ML_Project\train\Angry\a39.jpg,a39.jpg,Angry
c:\ML_Project\train\Happy\new_images (49).jpg,new_images (49).jpg,Happy
c:\ML_Project\train\Sad\s7.jpg,s7.jpg,Sad
c:\ML_Project\train\Fear\f94.jpeg,f94.jpeg,Fear
c:\ML_Project\train\Angry\a59.webp,a59.webp,Angry
c:\ML_Project\train\Happy\h95.jpeg,h95.jpeg,Happy
c:\ML_Project\train\Sad\s46.jpg,s46.jpg,Sad
c:\ML_Project\train\Sad\new_s4.jpg,new_s4.jpg,Sad
c:\ML_Project\train\Fear\f79.jpeg,f79.jpeg,Fear
c:\ML_Project\train\Happy\h11.jpg,h11.jpg,Happy
c:\ML_Project\train\Fear\f38.jpg,f38.jpg,Fear
c:\ML_Project\train\Angry\a86.jpeg,a86.jpeg,Angry
c:\ML_Project\train\Sad\new_s14.jpg,new_s14.jpg,Sad
c:\ML_Project\train\Fear\f39.jpg,f39.jpg,Fear
c:\ML_Project\train\Happy\h15.jpg,h15.jpg,Happy
c:\ML_Project\train\Happy\h48.jpg,h48.jpg,Happy
c:\ML_Project\train\Happy\h36.jpg,h36.jpg,Happy
c:\ML_Project\train\Sad\s114.jpeg,s114.jpeg,Sad
c:\ML_Project\train\Angry\a14.jpg,a14.jpg,Angry
c:\ML_Project\train\Sad\s81.jpeg,s81.jpeg,Sad
c:\ML_Project\train\Fear\f71.jpeg,f71.jpeg,Fear
c:\ML_Project\train\Happy\h10.jpg,h10.jpg,Happy
c:\ML_Project\train\Sad\s76.jpeg,s76.jpeg,Sad
c:\ML_Project\train\Fear\f11.jpeg,f11.jpeg,Fear
c:\ML_Project\train\Happy\h34.jpg,h34.jpg,Happy
c:\ML_Project\train\Happy\h2.jpg,h2.jpg,Happy
c:\ML_Project\train\Sad\s48.jpg,s48.jpg,Sad
c:\ML_Project\train\Fear\f11.jpg,f11.jpg,Fear
c:\ML_Project\train\Angry\a3.jpg,a3.jpg,Angry
c:\ML_Project\train\Fear\f85.jpeg,f85.jpeg,Fear
c:\ML_Project\train\Sad\s82.jpeg,s82.jpeg,Sad
c:\ML_Project\train\Fear\f82.jpeg,f82.jpeg,Fear
c:\ML_Project\train\Happy\h31.jpg,h31.jpg,Happy
c:\ML_Project\train\Sad\s39.jpg,s39.jpg,Sad
c:\ML_Project\train\Sad\s56.jpg,s56.jpg,Sad
c:\ML_Project\train\Happy\h35.jpg,h35.jpg,Happy
c:\ML_Project\train\Sad\s74.jpg,s74.jpg,Sad
c:\ML_Project\train\Fear\f87.jpeg,f87.jpeg,Fear
c:\ML_Project\train\Angry\new_a29.jpg,new_a29.jpg,Angry
c:\ML_Project\train\Sad\s91.jpeg,s91.jpeg,Sad
c:\ML_Project\train\Angry\a62.jpeg,a62.jpeg,Angry
c:\ML_Project\train\Fear\new_f26.jpeg,new_f26.jpeg,Fear
c:\ML_Project\train\Fear\f46.webp,f46.webp,Fear
c:\ML_Project\train\Sad\s41.jpeg,s41.jpeg,Sad
c:\ML_Project\train\Fear\new_f14.jpg,new_f14.jpg,Fear
c:\ML_Project\train\Fear\new_f33.jpeg,new_f33.jpeg,Fear
c:\ML_Project\train\Sad\s80.jpeg,s80.jpeg,Sad
c:\ML_Project\train\Fear\new_f9.jpeg,new_f9.jpeg,Fear
c:\ML_Project\train\Fear\f56.jpeg,f56.jpeg,Fear
c:\ML_Project\train\Fear\f108.jpeg,f108.jpeg,Fear
c:\ML_Project\train\Happy\h56.jpg,h56.jpg,Happy
c:\ML_Project\train\Sad\s120.jpeg,s120.jpeg,Sad
c:\ML_Project\train\Happy\h40.jpg,h40.jpg,Happy
c:\ML_Project\train\Happy\new_h18.png,new_h18.png,Happy
c:\ML_Project\train\Fear\f89.jpeg,f89.jpeg,Fear
c:\ML_Project\train\Fear\f27.jpg,f27.jpg,Fear
c:\ML_Project\train\Sad\s82.jpeg,s82.jpeg,Sad
c:\ML_Project\train\Fear\f104.jpeg,f104.jpeg,Fear
c:\ML_Project\train\Fear\new_f38.jpeg,new_f38.jpeg,Fear
c:\ML_Project\train\Angry\new_a17.jpeg,new_a17.jpeg,Angry
c:\ML_Project\train\Fear\new_f6.jpeg,new_f6.jpeg,Fear
c:\ML_Project\train\Happy\new_h8.jpg,new_h8.jpg,Happy
c:\ML_Project\train\Happy\h100.jpeg,h100.jpeg,Happy
c:\ML_Project\train\Fear\f42.jpg,f42.jpg,Fear
c:\ML_Project\train\Happy\h10.jpg,h10.jpg,Happy
c:\ML_Project\train\Happy\h82.jpeg,h82.jpeg,Happy
c:\ML_Project\train\Sad\new_s23.jpg,new_s23.jpg,Sad
c:\ML_Project\train\Fear\f83.jpeg,f83.jpeg,Fear
c:\ML_Project\train\Sad\s91.jpeg,s91.jpeg,Sad
c:\ML_Project\train\Happy\h39.jpg,h39.jpg,Happy
c:\ML_Project\train\Happy\h1.jpg,h1.jpg,Happy
c:\ML_Project\train\Happy\h98.jpeg,h98.jpeg,Happy
c:\ML_Project\train\Happy\h50.jpg,h50.jpg,Happy
c:\ML_Project\train\Sad\new_s43.jpeg,new_s43.jpeg,Sad
c:\ML_Project\train\Angry\a5.jpg,a5.jpg,Angry
c:\ML_Project\train\Angry\a90.jpeg,a90.jpeg,Angry
c:\ML_Project\train\Sad\s104.jpeg,s104.jpeg,Sad
c:\ML_Project\train\Happy\new_h42.jpg,new_h42.jpg,Happy
c:\ML_Project\train\Angry\a33.jpg,a33.jpg,Angry
c:\ML_Project\train\Angry\new_a37.jpeg,new_a37.jpeg,Angry
c:\ML_Project\train\Angry\a14.jpg,a14.jpg,Angry
c:\ML_Project\train\Sad\s14.jpg,s14.jpg,Sad
c:\ML_Project\train\Fear\f100.jpeg,f100.jpeg,Fear
c:\ML_Project\train\Happy\h42.jpg,h42.jpg,Happy
c:\ML_Project\train\Sad\s31.jpg,s31.jpg,Sad
c:\ML_Project\train\Fear\f35.jpg,f35.jpg,Fear
c:\ML_Project\train\Fear\f53.jpg,f53.jpg,Fear
c:\ML_Project\train\Fear\f36.jpg,f36.jpg,Fear
c:\ML_Project\train\Sad\new_s49.jpeg,new_s49.jpeg,Sad
c:\ML_Project\train\Happy\h80.jpeg,h80.jpeg,Happy
c:\ML_Project\train\Sad\s37.jpeg,s37.jpeg,Sad
c:\ML_Project\train\Happy\h99.jpeg,h99.jpeg,Happy
c:\ML_Project\train\Fear\f1.jpg,f1.jpg,Fear
c:\ML_Project\train\Sad\s121.jpeg,s121.jpeg,Sad
c:\ML_Project\train\Fear\f54.jpg,f54.jpg,Fear
c:\ML_Project\train\Angry\new_a15.jpeg,new_a15.jpeg,Angry
c:\ML_Project\train\Happy\h87.jpeg,h87.jpeg,Happy
c:\ML_Project\train\Angry\a29.jpg,a29.jpg,Angry
c:\ML_Project\train\Sad\s69.jpg,s69.jpg,Sad
c:\ML_Project\train\Angry\a72.jpeg,a72.jpeg,Angry
c:\ML_Project\train\Happy\h15.jpg,h15.jpg,Happy
c:\ML_Project\train\Happy\h55.jpg,h55.jpg,Happy
c:\ML_Project\train\Happy\h13.jpg,h13.jpg,Happy
c:\ML_Project\train\Happy\new_images (51).jpg,new_images (51).jpg,Happy
c:\ML_Project\train\Angry\a17.jpg,a17.jpg,Angry
c:\ML_Project\train\Happy\h33.jpg,h33.jpg,Happy
c:\ML_Project\train\Sad\s13.jpg,s13.jpg,Sad
c:\ML_Project\train\Angry\new_a21.jpeg,new_a21.jpeg,Angry
c:\ML_Project\train\Fear\new_f46.jpeg,new_f46.jpeg,Fear
c:\ML_Project\train\Happy\new_h11.jpg,new_h11.jpg,Happy
c:\ML_Project\train\Angry\new_a40.jpeg,new_a40.jpeg,Angry
c:\ML_Project\train\Fear\f119.jpeg,f119.jpeg,Fear
c:\ML_Project\train\Angry\a66.jpeg,a66.jpeg,Angry
c:\ML_Project\train\Sad\s42.jpg,s42.jpg,Sad
c:\ML_Project\train\Angry\a97.jpeg,a97.jpeg,Angry
c:\ML_Project\train\Happy\h21.jpg,h21.jpg,Happy
c:\ML_Project\train\Happy\new_h22.jpg,new_h22.jpg,Happy
c:\ML_Project\train\Sad\new_s52.jpeg,new_s52.jpeg,Sad
c:\ML_Project\train\Happy\new_h4.jpg,new_h4.jpg,Happy
c:\ML_Project\train\Angry\a116.jpeg,a116.jpeg,Angry
c:\ML_Project\train\Fear\f7.jpg,f7.jpg,Fear
c:\ML_Project\train\Happy\h74.jpg,h74.jpg,Happy
c:\ML_Project\train\Angry\new_a30.jpg,new_a30.jpg,Angry
c:\ML_Project\train\Happy\h11.jpg,h11.jpg,Happy
c:\ML_Project\train\Sad\new_s12.jpg,new_s12.jpg,Sad
c:\ML_Project\train\Angry\a73.jpg,a73.jpg,Angry
c:\ML_Project\train\Angry\a58.webp,a58.webp,Angry
c:\ML_Project\train\Sad\s14.jpg,s14.jpg,Sad
c:\ML_Project\train\Happy\h87.jpeg,h87.jpeg,Happy
c:\ML_Project\train\Angry\new_a20.jpeg,new_a20.jpeg,Angry
c:\ML_Project\train\Angry\a99.jpeg,a99.jpeg,Angry
c:\ML_Project\train\Sad\s41.jpg,s41.jpg,Sad
c:\ML_Project\train\Sad\s79.jpeg,s79.jpeg,Sad
c:\ML_Project\train\Angry\a113.jpeg,a113.jpeg,Angry
c:\ML_Project\train\Angry\new_a18.jpeg,new_a18.jpeg,Angry
c:\ML_Project\train\Sad\s112.jpeg,s112.jpeg,Sad
c:\ML_Project\train\Happy\new_images (31).jpg,new_images (31).jpg,Happy
c:\ML_Project\train\Angry\a3.jpg,a3.jpg,Angry
c:\ML_Project\train\Sad\new_s21.jpg,new_s21.jpg,Sad
c:\ML_Project\train\Happy\h66.jpg,h66.jpg,Happy
c:\ML_Project\train\Angry\a85.jpeg,a85.jpeg,Angry
c:\ML_Project\train\Sad\s51.jpg,s51.jpg,Sad
c:\ML_Project\train\Happy\h47.jpg,h47.jpg,Happy
c:\ML_Project\train\Fear\f85.jpeg,f85.jpeg,Fear
c:\ML_Project\train\Happy\h7.jpg,h7.jpg,Happy
c:\ML_Project\train\Sad\s29.jpg,s29.jpg,Sad
c:\ML_Project\train\Sad\s90.jpeg,s90.jpeg,Sad
c:\ML_Project\train\Happy\new_images (25).jpg,new_images (25).jpg,Happy
c:\ML_Project\train\Sad\s88.jpeg,s88.jpeg,Sad
c:\ML_Project\train\Sad\s49.jpg,s49.jpg,Sad
c:\ML_Project\train\Fear\f59.jpg,f59.jpg,Fear
c:\ML_Project\train\Fear\new_f39.jpeg,new_f39.jpeg,Fear
c:\ML_Project\train\Angry\a18.jpg,a18.jpg,Angry
c:\ML_Project\train\Fear\f25.jpg,f25.jpg,Fear
c:\ML_Project\train\Sad\s66.jpeg,s66.jpeg,Sad
c:\ML_Project\train\Sad\s65.jpeg,s65.jpeg,Sad
c:\ML_Project\train\Angry\a100.jpeg,a100.jpeg,Angry
c:\ML_Project\train\Fear\f16.jpeg,f16.jpeg,Fear
c:\ML_Project\train\Fear\f30.jpg,f30.jpg,Fear
c:\ML_Project\train\Angry\a70.jpg,a70.jpg,Angry
c:\ML_Project\train\Sad\s7.jpg,s7.jpg,Sad
c:\ML_Project\train\Happy\h50.jpg,h50.jpg,Happy
c:\ML_Project\train\Sad\new_s20.jpeg,new_s20.jpeg,Sad
c:\ML_Project\train\Sad\s27.jpg,s27.jpg,Sad
c:\ML_Project\train\Angry\a8.jpg,a8.jpg,Angry
c:\ML_Project\train\Sad\s87.jpeg,s87.jpeg,Sad
c:\ML_Project\train\Sad\s58.jpeg,s58.jpeg,Sad
c:\ML_Project\train\Fear\new_f52.jpeg,new_f52.jpeg,Fear
c:\ML_Project\train\Sad\s101.jpeg,s101.jpeg,Sad
c:\ML_Project\train\Angry\a16.jpg,a16.jpg,Angry
c:\ML_Project\train\Happy\new_h1.jpg,new_h1.jpg,Happy
c:\ML_Project\train\Happy\h38.jpg,h38.jpg,Happy
c:\ML_Project\train\Happy\h28.jpg,h28.jpg,Happy
c:\ML_Project\train\Sad\new_s31.jpg,new_s31.jpg,Sad
c:\ML_Project\train\Fear\f9.jpg,f9.jpg,Fear
c:\ML_Project\train\Happy\h40.jpg,h40.jpg,Happy
c:\ML_Project\train\Fear\f57.jpeg,f57.jpeg,Fear
c:\ML_Project\train\Sad\s18.jpg,s18.jpg,Sad
c:\ML_Project\train\Angry\a47.jpeg,a47.jpeg,Angry
c:\ML_Project\train\Happy\new_h41.jpg,new_h41.jpg,Happy
c:\ML_Project\train\Fear\f26.jpg,f26.jpg,Fear
c:\ML_Project\train\Angry\a119.jpeg,a119.jpeg,Angry
c:\ML_Project\train\Sad\s93.jpeg,s93.jpeg,Sad
c:\ML_Project\train\Happy\h9.jpg,h9.jpg,Happy
c:\ML_Project\train\Happy\new_h51.jpg,new_h51.jpg,Happy
c:\ML_Project\train\Happy\h100.jpeg,h100.jpeg,Happy
c:\ML_Project\train\Sad\s70.jpg,s70.jpg,Sad
c:\ML_Project\train\Angry\a45.jpg,a45.jpg,Angry
c:\ML_Project\train\Angry\a58.jpg,a58.jpg,Angry
c:\ML_Project\train\Angry\a56.jpg,a56.jpg,Angry
c:\ML_Project\train\Angry\a13.jpg,a13.jpg,Angry
c:\ML_Project\train\Sad\s105.jpeg,s105.jpeg,Sad
c:\ML_Project\train\Angry\new_a14.jpeg,new_a14.jpeg,Angry
c:\ML_Project\train\Sad\new_s41.jpeg,new_s41.jpeg,Sad
c:\ML_Project\train\Angry\a81.jpeg,a81.jpeg,Angry
c:\ML_Project\train\Sad\s94.png,s94.png,Sad
c:\ML_Project\train\Happy\new_images (41).jpg,new_images (41).jpg,Happy
c:\ML_Project\train\Angry\a97.jpeg,a97.jpeg,Angry
c:\ML_Project\train\Sad\new_s42.jpeg,new_s42.jpeg,Sad
c:\ML_Project\train\Fear\f73.jpg,f73.jpg,Fear
c:\ML_Project\train\Sad\s17.jpg,s17.jpg,Sad
c:\ML_Project\train\Angry\new_a16.jpeg,new_a16.jpeg,Angry
c:\ML_Project\train\Happy\new_h54.jpg,new_h54.jpg,Happy
c:\ML_Project\train\Fear\f97.jpg,f97.jpg,Fear
c:\ML_Project\train\Fear\new_f18.jpg,new_f18.jpg,Fear
c:\ML_Project\train\Angry\a10.jpg,a10.jpg,Angry
c:\ML_Project\train\Fear\f74.jpeg,f74.jpeg,Fear
c:\ML_Project\train\Fear\f58.jpg,f58.jpg,Fear
c:\ML_Project\train\Fear\f62.jpg,f62.jpg,Fear
c:\ML_Project\train\Happy\h85.jpeg,h85.jpeg,Happy
c:\ML_Project\train\Happy\h34.jpg,h34.jpg,Happy
c:\ML_Project\train\Happy\h23.jpg,h23.jpg,Happy
c:\ML_Project\train\Angry\a68.jpg,a68.jpg,Angry
c:\ML_Project\train\Angry\a92.jpeg,a92.jpeg,Angry
c:\ML_Project\train\Angry\a11.jpg,a11.jpg,Angry
c:\ML_Project\train\Angry\a31.jpg,a31.jpg,Angry
c:\ML_Project\train\Happy\h21.jpg,h21.jpg,Happy
c:\ML_Project\train\Angry\a15.jpg,a15.jpg,Angry
c:\ML_Project\train\Happy\new_h48.jpg,new_h48.jpg,Happy
c:\ML_Project\train\Fear\new_f31.png,new_f31.png,Fear
c:\ML_Project\train\Fear\f102.jpeg,f102.jpeg,Fear
c:\ML_Project\train\Happy\new_images (46).jpg,new_images (46).jpg,Happy
c:\ML_Project\train\Sad\s104.jpeg,s104.jpeg,Sad
c:\ML_Project\train\Angry\a63.jpg,a63.jpg,Angry
c:\ML_Project\train\Fear\new_f44.jpeg,new_f44.jpeg,Fear
c:\ML_Project\train\Fear\f66.jpeg,f66.jpeg,Fear
c:\ML_Project\train\Fear\f82.jpg,f82.jpg,Fear
c:\ML_Project\train\Happy\h75.jpg,h75.jpg,Happy
c:\ML_Project\train\Sad\new_s2.jpg,new_s2.jpg,Sad
c:\ML_Project\train\Angry\a11.jpg,a11.jpg,Angry
c:\ML_Project\train\Happy\h88.jpeg,h88.jpeg,Happy
c:\ML_Project\train\Sad\s116.jpeg,s116.jpeg,Sad
c:\ML_Project\train\Happy\h96.jpeg,h96.jpeg,Happy
c:\ML_Project\train\Happy\new_h15.jpg,new_h15.jpg,Happy
c:\ML_Project\train\Angry\a67.jpeg,a67.jpeg,Angry
c:\ML_Project\train\Sad\new_s29.jpg,new_s29.jpg,Sad
c:\ML_Project\train\Sad\new_s36.jpeg,new_s36.jpeg,Sad
c:\ML_Project\train\Happy\h37.jpg,h37.jpg,Happy
c:\ML_Project\train\Fear\f74.jpg,f74.jpg,Fear
c:\ML_Project\train\Happy\h61.jpg,h61.jpg,Happy
c:\ML_Project\train\Angry\a71.jpg,a71.jpg,Angry
c:\ML_Project\train\Angry\a35.jpg,a35.jpg,Angry
c:\ML_Project\train\Angry\a46.jpg,a46.jpg,Angry
c:\ML_Project\train\Sad\s24.jpg,s24.jpg,Sad
c:\ML_Project\train\Fear\f76.jpeg,f76.jpeg,Fear
c:\ML_Project\train\Angry\a42.jpg,a42.jpg,Angry
c:\ML_Project\train\Sad\s45.jpg,s45.jpg,Sad
c:\ML_Project\train\Sad\s63.jpg,s63.jpg,Sad
c:\ML_Project\train\Angry\new_a6.jpeg,new_a6.jpeg,Angry
c:\ML_Project\train\Happy\h51.jpg,h51.jpg,Happy
c:\ML_Project\train\Happy\h6.jpg,h6.jpg,Happy
c:\ML_Project\train\Happy\h35.jpg,h35.jpg,Happy
c:\ML_Project\train\Angry\new_a5.jpeg,new_a5.jpeg,Angry
c:\ML_Project\train\Fear\f67.jpeg,f67.jpeg,Fear
c:\ML_Project\train\Angry\a79.jpeg,a79.jpeg,Angry
c:\ML_Project\train\Angry\a61.jpeg,a61.jpeg,Angry
c:\ML_Project\train\Angry\new_a41.jpeg,new_a41.jpeg,Angry
c:\ML_Project\train\Sad\s60.jpg,s60.jpg,Sad
c:\ML_Project\train\Sad\s90.jpeg,s90.jpeg,Sad
c:\ML_Project\train\Sad\s72.jpg,s72.jpg,Sad
c:\ML_Project\train\Happy\h86.jpeg,h86.jpeg,Happy
c:\ML_Project\train\Sad\s12.jpg,s12.jpg,Sad
c:\ML_Project\train\Happy\h24.jpg,h24.jpg,Happy
c:\ML_Project\train\Fear\f65.jpeg,f65.jpeg,Fear
c:\ML_Project\train\Fear\new_f3.jpeg,new_f3.jpeg,Fear
c:\ML_Project\train\Angry\a8.jpg,a8.jpg,Angry
c:\ML_Project\train\Fear\f70.jpeg,f70.jpeg,Fear
c:\ML_Project\train\Fear\f12.jpeg,f12.jpeg,Fear
c:\ML_Project\train\Sad\s31.jpg,s31.jpg,Sad
c:\ML_Project\train\Angry\a31.jpg,a31.jpg,Angry
c:\ML_Project\train\Fear\f78.jpeg,f78.jpeg,Fear
c:\ML_Project\train\Fear\f72.jpg,f72.jpg,Fear
c:\ML_Project\train\Angry\new_a42.jpeg,new_a42.jpeg,Angry
c:\ML_Project\train\Sad\s57.jpg,s57.jpg,Sad
c:\ML_Project\train\Sad\s102.jpeg,s102.jpeg,Sad
c:\ML_Project\train\Angry\new_a13.jpeg,new_a13.jpeg,Angry
c:\ML_Project\train\Fear\f1.jpg,f1.jpg,Fear
c:\ML_Project\train\Angry\a2.jpg,a2.jpg,Angry
c:\ML_Project\train\Happy\h69.jpg,h69.jpg,Happy
c:\ML_Project\train\Happy\h86.jpeg,h86.jpeg,Happy
c:\ML_Project\train\Angry\a95.jpeg,a95.jpeg,Angry
c:\ML_Project\train\Fear\f40.jpg,f40.jpg,Fear
c:\ML_Project\train\Happy\h67.jpg,h67.jpg,Happy
c:\ML_Project\train\Sad\s30.jpg,s30.jpg,Sad
c:\ML_Project\train\Fear\f76.jpg,f76.jpg,Fear
c:\ML_Project\train\Angry\a13.jpg,a13.jpg,Angry
c:\ML_Project\train\Angry\a65.jpg,a65.jpg,Angry
c:\ML_Project\train\Happy\h72.jpg,h72.jpg,Happy
c:\ML_Project\train\Angry\new_a32.jpeg,new_a32.jpeg,Angry
c:\ML_Project\train\Angry\a49.jpeg,a49.jpeg,Angry
c:\ML_Project\train\Sad\s20.jpg,s20.jpg,Sad
c:\ML_Project\train\Happy\h57.jpg,h57.jpg,Happy
c:\ML_Project\train\Angry\new_a33.jpeg,new_a33.jpeg,Angry
c:\ML_Project\train\Angry\a85.jpeg,a85.jpeg,Angry
c:\ML_Project\train\Fear\f95.jpeg,f95.jpeg,Fear
c:\ML_Project\train\Angry\a1.jpg,a1.jpg,Angry
c:\ML_Project\train\Fear\f10.jpg,f10.jpg,Fear
c:\ML_Project\train\Happy\h62.jpg,h62.jpg,Happy
c:\ML_Project\train\Fear\f114.jpeg,f114.jpeg,Fear
c:\ML_Project\train\Fear\new_f19.jpeg,new_f19.jpeg,Fear
c:\ML_Project\train\Sad\s61.jpeg,s61.jpeg,Sad
c:\ML_Project\train\Sad\s30.jpg,s30.jpg,Sad
c:\ML_Project\train\Angry\a52.jpeg,a52.jpeg,Angry
c:\ML_Project\train\Fear\f44.jpg,f44.jpg,Fear
c:\ML_Project\train\Sad\s61.jpg,s61.jpg,Sad
c:\ML_Project\train\Fear\f14.jpg,f14.jpg,Fear
c:\ML_Project\train\Angry\a73.jpeg,a73.jpeg,Angry
c:\ML_Project\train\Sad\s5.jpg,s5.jpg,Sad
c:\ML_Project\train\Sad\s16.jpg,s16.jpg,Sad
c:\ML_Project\train\Sad\s53.jpg,s53.jpg,Sad
c:\ML_Project\train\Fear\f16.jpg,f16.jpg,Fear
c:\ML_Project\train\Happy\new_h21.jpg,new_h21.jpg,Happy
c:\ML_Project\train\Fear\f39.jpg,f39.jpg,Fear
c:\ML_Project\train\Sad\s117.jpeg,s117.jpeg,Sad
c:\ML_Project\train\Sad\s66.jpg,s66.jpg,Sad
c:\ML_Project\train\Happy\h41.jpg,h41.jpg,Happy
c:\ML_Project\train\Fear\new_f11.jpeg,new_f11.jpeg,Fear
c:\ML_Project\train\Happy\h90.jpeg,h90.jpeg,Happy
c:\ML_Project\train\Angry\a36.jpg,a36.jpg,Angry
c:\ML_Project\train\Sad\s54.jpg,s54.jpg,Sad
c:\ML_Project\train\Fear\f86.jpeg,f86.jpeg,Fear
c:\ML_Project\train\Angry\a74.jpeg,a74.jpeg,Angry
c:\ML_Project\train\Angry\a75.jpeg,a75.jpeg,Angry
c:\ML_Project\train\Happy\h94.jpeg,h94.jpeg,Happy
c:\ML_Project\train\Angry\a96.jpeg,a96.jpeg,Angry
c:\ML_Project\train\Sad\new_s32.jpg,new_s32.jpg,Sad
c:\ML_Project\train\Sad\s49.jpeg,s49.jpeg,Sad
c:\ML_Project\train\Angry\new_a35.jpeg,new_a35.jpeg,Angry
c:\ML_Project\train\Fear\new_f47.jpeg,new_f47.jpeg,Fear
c:\ML_Project\train\Angry\a21.jpg,a21.jpg,Angry
c:\ML_Project\train\Angry\new_a11.jpg,new_a11.jpg,Angry
c:\ML_Project\train\Happy\h19.jpg,h19.jpg,Happy
c:\ML_Project\train\Sad\s105.jpeg,s105.jpeg,Sad
c:\ML_Project\train\Angry\new_a12.jpeg,new_a12.jpeg,Angry
c:\ML_Project\train\Angry\a20.jpg,a20.jpg,Angry
c:\ML_Project\train\Sad\new_s19.jpg,new_s19.jpg,Sad
c:\ML_Project\train\Sad\s23.jpg,s23.jpg,Sad
c:\ML_Project\train\Angry\a27.jpg,a27.jpg,Angry
c:\ML_Project\train\Sad\s4.jpg,s4.jpg,Sad
c:\ML_Project\train\Happy\h49.jpg,h49.jpg,Happy
c:\ML_Project\train\Happy\h41.jpg,h41.jpg,Happy
c:\ML_Project\train\Fear\new_f5.jpeg,new_f5.jpeg,Fear
c:\ML_Project\train\Fear\f68.jpeg,f68.jpeg,Fear
c:\ML_Project\train\Happy\h90.jpeg,h90.jpeg,Happy
c:\ML_Project\train\Sad\new_s27.jpg,new_s27.jpg,Sad
c:\ML_Project\train\Fear\f73.jpeg,f73.jpeg,Fear
c:\ML_Project\train\Sad\s78.jpeg,s78.jpeg,Sad
c:\ML_Project\train\Angry\new_a8.jpeg,new_a8.jpeg,Angry
c:\ML_Project\train\Happy\new_h53.jpg,new_h53.jpg,Happy
c:\ML_Project\train\Happy\h4.jpg,h4.jpg,Happy
c:\ML_Project\train\Fear\new_f48.jpeg,new_f48.jpeg,Fear
c:\ML_Project\train\Happy\h45.jpg,h45.jpg,Happy
c:\ML_Project\train\Sad\new_s22.jpeg,new_s22.jpeg,Sad
c:\ML_Project\train\Sad\s16.webp,s16.webp,Sad
c:\ML_Project\train\Angry\a41.jpg,a41.jpg,Angry
c:\ML_Project\train\Fear\f88.jpeg,f88.jpeg,Fear
c:\ML_Project\train\Fear\f98.jpeg,f98.jpeg,Fear
c:\ML_Project\train\Angry\a55.jpg,a55.jpg,Angry
c:\ML_Project\train\Angry\a76.jpg,a76.jpg,Angry
c:\ML_Project\train\Fear\f60.jpeg,f60.jpeg,Fear
c:\ML_Project\train\Fear\f50.jpg,f50.jpg,Fear
c:\ML_Project\train\Sad\new_s7.jpg,new_s7.jpg,Sad
c:\ML_Project\train\Fear\f111.jpeg,f111.jpeg,Fear
c:\ML_Project\train\Happy\new_h7.jpg,new_h7.jpg,Happy
c:\ML_Project\train\Sad\s21.jpg,s21.jpg,Sad
c:\ML_Project\train\Angry\a18.jpg,a18.jpg,Angry
c:\ML_Project\train\Sad\new_s40.jpeg,new_s40.jpeg,Sad
c:\ML_Project\train\Angry\a12.jpg,a12.jpg,Angry
c:\ML_Project\train\Fear\f19.jpg,f19.jpg,Fear
c:\ML_Project\train\Happy\h60.jpg,h60.jpg,Happy
c:\ML_Project\train\Sad\s21.jpg,s21.jpg,Sad
c:\ML_Project\train\Fear\new_f51.jpeg,new_f51.jpeg,Fear
c:\ML_Project\train\Happy\new_h20.jpg,new_h20.jpg,Happy
c:\ML_Project\train\Sad\s92.jpeg,s92.jpeg,Sad
c:\ML_Project\train\Sad\s107.jpg,s107.jpg,Sad
c:\ML_Project\train\Fear\f8.jpg,f8.jpg,Fear
c:\ML_Project\train\Sad\s40.jpg,s40.jpg,Sad
c:\ML_Project\train\Sad\s48.jpeg,s48.jpeg,Sad
c:\ML_Project\train\Fear\f69.jpeg,f69.jpeg,Fear
c:\ML_Project\train\Fear\f96.jpeg,f96.jpeg,Fear
c:\ML_Project\train\Happy\new_h26.jpg,new_h26.jpg,Happy
c:\ML_Project\train\Angry\a9.jpg,a9.jpg,Angry
c:\ML_Project\train\Angry\a112.jpeg,a112.jpeg,Angry
c:\ML_Project\train\Fear\new_f10.jpg,new_f10.jpg,Fear
c:\ML_Project\train\Sad\s94.jpeg,s94.jpeg,Sad
c:\ML_Project\train\Happy\h16.jpg,h16.jpg,Happy
c:\ML_Project\train\Angry\a10.jpg,a10.jpg,Angry
c:\ML_Project\train\Angry\a19.jpg,a19.jpg,Angry
c:\ML_Project\train\Sad\s70.jpeg,s70.jpeg,Sad
c:\ML_Project\train\Sad\s28.jpg,s28.jpg,Sad
c:\ML_Project\train\Angry\a77.jpeg,a77.jpeg,Angry
c:\ML_Project\train\Fear\f61.jpg,f61.jpg,Fear
c:\ML_Project\train\Fear\f4.jpg,f4.jpg,Fear
c:\ML_Project\train\Happy\h79.jpeg,h79.jpeg,Happy
c:\ML_Project\train\Sad\new_s51.jpeg,new_s51.jpeg,Sad
c:\ML_Project\train\Sad\s59.jpeg,s59.jpeg,Sad
c:\ML_Project\train\Sad\s51.jpg,s51.jpg,Sad
c:\ML_Project\train\Happy\h27.jpg,h27.jpg,Happy
c:\ML_Project\train\Angry\a105.jpeg,a105.jpeg,Angry
c:\ML_Project\train\Happy\h1.jpg,h1.jpg,Happy
c:\ML_Project\train\Angry\a93.jpeg,a93.jpeg,Angry
c:\ML_Project\train\Angry\a38.jpg,a38.jpg,Angry
c:\ML_Project\train\Fear\f41.jpg,f41.jpg,Fear
c:\ML_Project\train\Fear\f80.jpg,f80.jpg,Fear
c:\ML_Project\train\Fear\new_f7.jpeg,new_f7.jpeg,Fear
c:\ML_Project\train\Fear\new_f4.jpeg,new_f4.jpeg,Fear
c:\ML_Project\train\Sad\s18.jpg,s18.jpg,Sad
c:\ML_Project\train\Angry\a32.jpg,a32.jpg,Angry
c:\ML_Project\train\Sad\s52.jpg,s52.jpg,Sad
c:\ML_Project\train\Angry\new_a52.jpeg,new_a52.jpeg,Angry
c:\ML_Project\train\Happy\h65.jpg,h65.jpg,Happy
c:\ML_Project\train\Sad\new_s44.jpeg,new_s44.jpeg,Sad
c:\ML_Project\train\Sad\new_s34.jpeg,new_s34.jpeg,Sad
c:\ML_Project\train\Fear\f43.jpg,f43.jpg,Fear
c:\ML_Project\train\Angry\a19.jpg,a19.jpg,Angry
